{"cameraMode":{"drawMode":0,"name":"Shaded","section":"Shading Mode"},"sceneLighting":true,"audioPlay":false,"sceneViewState":{"showFog":true,"showMaterialUpdate":false,"showSkybox":true,"showFlares":true,"showImageEffects":true,"showParticleSystems":true},"in2DMode":false,"pivot":{"x":-0.999755859375,"y":0.8555020689964294,"z":-0.051316142082214358},"rotation":{"x":0.042982690036296847,"y":-0.9342442154884338,"z":0.12061700224876404,"w":0.33289143443107607},"size":2.1749143600463869,"orthographic":true}