{"cameraMode":{"drawMode":0,"name":"Shaded","section":"Shading Mode"},"sceneLighting":true,"audioPlay":false,"sceneViewState":{"showFog":true,"showMaterialUpdate":false,"showSkybox":true,"showFlares":true,"showImageEffects":true,"showParticleSystems":true},"in2DMode":false,"pivot":{"x":-18.640432357788087,"y":-0.17664241790771485,"z":5.416376113891602},"rotation":{"x":-0.20142453908920289,"y":0.6634615659713745,"z":-0.1924404501914978,"w":-0.6944275498390198},"size":10.755851745605469,"orthographic":false}