{"cameraMode":{"drawMode":0,"name":"Shaded","section":"Shading Mode"},"sceneLighting":true,"audioPlay":false,"sceneViewState":{"showFog":true,"showMaterialUpdate":false,"showSkybox":true,"showFlares":true,"showImageEffects":true,"showParticleSystems":true},"in2DMode":false,"pivot":{"x":-1.7066478729248047,"y":1.792106032371521,"z":0.18832235038280488},"rotation":{"x":0.04675864428281784,"y":-0.9352834820747376,"z":0.13504259288311006,"w":0.3238043487071991},"size":3.9233040809631349,"orthographic":true}