{"cameraMode":{"drawMode":0,"name":"Shaded","section":"Shading Mode"},"sceneLighting":true,"audioPlay":false,"sceneViewState":{"showFog":true,"showMaterialUpdate":false,"showSkybox":true,"showFlares":true,"showImageEffects":true,"showParticleSystems":true},"in2DMode":false,"pivot":{"x":1.9818639755249024,"y":0.2486591339111328,"z":1.4783194065093995},"rotation":{"x":-0.20248247683048249,"y":0.6698321104049683,"z":-0.1975613385438919,"w":-0.6865167021751404},"size":8.272040367126465,"orthographic":false}