{"cameraMode":{"drawMode":0,"name":"Shaded","section":"Shading Mode"},"sceneLighting":true,"audioPlay":false,"sceneViewState":{"showFog":true,"showMaterialUpdate":false,"showSkybox":true,"showFlares":true,"showImageEffects":true,"showParticleSystems":true},"in2DMode":false,"pivot":{"x":6.213043689727783,"y":0.15634632110595704,"z":-2.80230712890625},"rotation":{"x":-0.1994459331035614,"y":0.715117871761322,"z":-0.22616474330425263,"w":-0.6306291818618774},"size":5.469883441925049,"orthographic":false}